filename,last_update_time,success,process_time,retry_count,status,error_reason
EquityDistribution_2344_華邦電.xls,2026-08-13 03:50:30 CST,true,2026-08-13 03:50:20 CST,0,success,
EquityDistribution_7736_虎山.xls,2026-08-13 03:42:58 CST,true,2026-08-13 03:42:49 CST,0,success,
EquityDistribution_5434_崇越.xls,2026-08-13 03:29:10 CST,true,2026-08-13 03:29:00 CST,0,success,
EquityDistribution_2405_輔信.xls,2026-08-13 03:26:23 CST,true,2026-08-13 03:26:13 CST,0,success,
EquityDistribution_5904_寶雅.xls,2026-08-13 03:34:07 CST,true,2026-08-13 03:33:58 CST,0,success,
EquityDistribution_5269_祥碩.xls,2026-08-13 03:29:43 CST,true,2026-08-13 03:29:33 CST,0,success,
EquityDistribution_3479_安勤.xls,2026-08-13 03:20:28 CST,true,2026-08-13 03:20:18 CST,0,success,
EquityDistribution_6690_安碁資訊.xls,2026-08-13 03:39:04 CST,true,2026-08-13 03:38:54 CST,0,success,
EquityDistribution_2603_長榮.xls,2026-08-13 03:42:41 CST,true,2026-08-13 03:42:31 CST,0,success,
EquityDistribution_7769_鴻勁.xls,2026-08-13 03:43:34 CST,true,2026-08-13 03:43:25 CST,0,success,
EquityDistribution_2383_台光電.xls,2026-08-06 04:37:50 CST,true,2026-08-06 04:37:39 CST,0,success,
EquityDistribution_3158_嘉實.xls,2026-08-13 03:33:32 CST,true,2026-08-13 03:33:21 CST,0,success,
EquityDistribution_3029_零壹.xls,2026-08-13 03:38:45 CST,true,2026-08-13 03:38:35 CST,0,success,
EquityDistribution_2449_京元電子.xls,2026-08-13 03:46:43 CST,true,2026-08-13 03:46:33 CST,0,success,
EquityDistribution_6561_是方.xls,2026-08-13 03:30:24 CST,true,2026-08-13 03:30:07 CST,0,success,
EquityDistribution_7728_光焱科技.xls,2026-08-06 04:42:57 CST,true,2026-08-06 04:42:44 CST,0,success,
EquityDistribution_7708_全家餐飲.xls,2026-08-13 03:32:24 CST,true,2026-08-13 03:32:14 CST,0,success,
EquityDistribution_0000_台灣加權指數.xls,2026-08-06 04:57:39 CST,true,2026-08-06 04:57:30 CST,0,unsupported,Skipped (Unsupported Index)
EquityDistribution_8050_廣積.xls,2026-08-13 03:19:54 CST,true,2026-08-13 03:19:43 CST,0,success,
EquityDistribution_2357_華碩.xls,2026-08-13 03:52:29 CST,true,2026-08-13 03:52:20 CST,0,success,
EquityDistribution_0050_元大台灣50.xls,2026-08-13 03:22:22 CST,true,2026-08-13 03:22:12 CST,0,success,
EquityDistribution_2891_中信金.xls,2026-08-13 03:48:28 CST,true,2026-08-13 03:48:18 CST,0,success,
EquityDistribution_6925_意藍.xls,2026-08-06 04:43:17 CST,true,2026-08-06 04:43:04 CST,0,success,
EquityDistribution_2454_聯發科.xls,2026-08-13 03:22:58 CST,true,2026-08-13 03:22:48 CST,0,success,
EquityDistribution_2480_敦陽科.xls,2026-08-13 03:23:17 CST,true,2026-08-13 03:23:07 CST,0,success,
EquityDistribution_2317_鴻海.xls,2026-08-13 03:51:25 CST,true,2026-08-13 03:51:16 CST,0,success,
EquityDistribution_2345_智邦.xls,2026-08-13 03:46:59 CST,true,2026-08-13 03:46:49 CST,0,success,
EquityDistribution_3150_鈺寶-創.xls,2026-08-13 03:30:41 CST,true,2026-08-13 03:30:31 CST,0,success,
EquityDistribution_7749_意騰-KY.xls,2026-08-13 03:53:20 CST,true,2026-08-13 03:53:11 CST,0,success,
EquityDistribution_8299_群聯.xls,2026-08-06 04:46:56 CST,true,2026-08-06 04:46:41 CST,0,success,
EquityDistribution_8272_全景軟體.xls,2026-08-06 04:54:25 CST,true,2026-08-06 04:54:11 CST,0,success,
EquityDistribution_6182_合晶.xls,2026-08-13 03:34:26 CST,true,2026-08-13 03:34:14 CST,0,success,
EquityDistribution_7722_LINEPAY.xls,2026-08-06 04:56:30 CST,true,2026-08-06 04:56:16 CST,0,success,
EquityDistribution_5347_世界.xls,2026-08-13 03:20:09 CST,true,2026-08-13 03:20:00 CST,0,success,
EquityDistribution_3711_日月光投控.xls,2026-08-13 03:49:04 CST,true,2026-08-13 03:48:53 CST,0,success,
EquityDistribution_5274_信驊.xls,2026-08-13 03:42:25 CST,true,2026-08-13 03:42:15 CST,0,success,
EquityDistribution_6442_光聖.xls,2026-08-13 03:39:54 CST,true,2026-08-13 03:39:44 CST,0,success,
EquityDistribution_2881_富邦金.xls,2026-08-13 03:47:50 CST,true,2026-08-13 03:47:40 CST,0,success,
EquityDistribution_3467_台灣精材.xls,2026-08-13 03:45:02 CST,true,2026-08-13 03:44:51 CST,0,success,
EquityDistribution_2332_友訊.xls,2026-08-13 03:40:29 CST,true,2026-08-13 03:40:19 CST,0,success,
EquityDistribution_3443_創意.xls,2026-08-13 03:51:06 CST,true,2026-08-13 03:50:56 CST,0,success,
EquityDistribution_2408_南亞科.xls,2026-08-13 03:49:20 CST,true,2026-08-13 03:49:10 CST,0,success,
EquityDistribution_8234_新漢.xls,2026-08-13 03:21:24 CST,true,2026-08-13 03:21:14 CST,0,success,
EquityDistribution_8454_富邦媒.xls,2026-08-13 03:40:12 CST,true,2026-08-13 03:40:02 CST,0,success,
EquityDistribution_4938_和碩.xls,2026-08-06 04:39:36 CST,true,2026-08-06 04:39:22 CST,0,success,
EquityDistribution_6720_久昌.xls,2026-08-13 03:35:15 CST,true,2026-08-13 03:35:06 CST,0,success,
EquityDistribution_3293_鈊象.xls,2026-08-13 03:42:08 CST,true,2026-08-13 03:41:58 CST,0,success,
EquityDistribution_6231_系微.xls,2026-08-06 04:41:56 CST,true,2026-08-06 04:41:44 CST,0,success,
EquityDistribution_4953_緯軟.xls,2026-08-13 03:31:13 CST,true,2026-08-13 03:31:03 CST,0,success,
EquityDistribution_6214_精誠.xls,2026-08-06 04:40:15 CST,true,2026-08-06 04:40:03 CST,0,success,
EquityDistribution_2354_鴻準.xls,2026-08-13 03:51:57 CST,true,2026-08-13 03:51:48 CST,0,success,
EquityDistribution_7794_宏碁智新.xls,2026-08-13 03:35:52 CST,true,2026-08-13 03:35:42 CST,0,success,
EquityDistribution_6962_奕力-KY.xls,2026-08-13 03:34:41 CST,true,2026-08-13 03:34:33 CST,0,success,
EquityDistribution_6918_愛派司.xls,2026-08-13 03:46:24 CST,true,2026-08-13 03:46:14 CST,0,success,
EquityDistribution_2360_致茂.xls,2026-08-13 03:49:39 CST,true,2026-08-13 03:49:29 CST,0,success,
EquityDistribution_7734_印能科技.xls,2026-08-06 04:57:39 CST,true,2026-08-06 04:57:30 CST,0,success,
EquityDistribution_3558_神準.xls,2026-08-13 03:31:54 CST,true,2026-08-13 03:31:38 CST,0,success,
EquityDistribution_3260_威剛.xls,2026-08-13 03:44:26 CST,true,2026-08-13 03:44:16 CST,0,success,
EquityDistribution_3034_聯詠.xls,2026-08-06 04:57:23 CST,true,2026-08-06 04:57:10 CST,0,success,
EquityDistribution_3048_益登.xls,2026-08-13 03:27:50 CST,true,2026-08-13 03:27:41 CST,0,success,
EquityDistribution_7737_凱鈿.xls,2026-08-13 03:45:17 CST,true,2026-08-13 03:45:07 CST,0,success,
EquityDistribution_3661_世芯-KY.xls,2026-08-13 03:47:34 CST,true,2026-08-13 03:47:24 CST,0,success,
EquityDistribution_6763_綠界科技.xls,2026-08-13 03:39:20 CST,true,2026-08-13 03:39:09 CST,0,success,
EquityDistribution_7805_威聯通.xls,2026-08-13 03:40:45 CST,true,2026-08-13 03:40:35 CST,0,success,
EquityDistribution_8045_達運光電.xls,2026-08-13 03:36:26 CST,true,2026-08-13 03:36:17 CST,0,success,
EquityDistribution_6902_GOGOLOOK.xls,2026-08-13 03:46:08 CST,true,2026-08-13 03:45:59 CST,0,success,
EquityDistribution_2376_技嘉.xls,2026-08-13 03:52:48 CST,true,2026-08-13 03:52:38 CST,0,success,
EquityDistribution_6245_立端.xls,2026-08-13 03:21:06 CST,true,2026-08-13 03:20:56 CST,0,success,
EquityDistribution_3014_聯陽.xls,2026-08-06 04:42:16 CST,true,2026-08-06 04:42:02 CST,0,success,
EquityDistribution_6695_芯鼎.xls,2026-08-13 03:30:00 CST,true,2026-08-13 03:29:51 CST,0,success,
EquityDistribution_3665_貿聯-KY.xls,2026-08-13 03:50:14 CST,true,2026-08-13 03:50:00 CST,0,success,
EquityDistribution_2884_玉山金.xls,2026-08-13 03:48:47 CST,true,2026-08-13 03:48:36 CST,0,success,
EquityDistribution_2301_光寶科.xls,2026-08-13 03:23:33 CST,true,2026-08-13 03:23:23 CST,0,success,
EquityDistribution_2458_義隆.xls,2026-08-06 04:38:10 CST,true,2026-08-06 04:37:57 CST,0,success,
EquityDistribution_6123_上奇.xls,2026-08-13 03:37:35 CST,true,2026-08-13 03:37:26 CST,0,success,
EquityDistribution_2303_聯電.xls,2026-08-13 03:23:49 CST,true,2026-08-13 03:23:39 CST,0,success,
EquityDistribution_6850_光鼎生技.xls,2026-08-13 03:45:49 CST,true,2026-08-13 03:45:39 CST,0,success,
EquityDistribution_6579_研揚.xls,2026-08-13 03:20:48 CST,true,2026-08-13 03:20:37 CST,0,success,
EquityDistribution_2379_瑞昱.xls,2026-08-13 03:22:40 CST,true,2026-08-13 03:22:30 CST,0,success,
EquityDistribution_9914_美利達.xls,2026-08-13 03:28:39 CST,true,2026-08-13 03:28:28 CST,0,success,
EquityDistribution_6510_精測.xls,2026-08-13 03:47:16 CST,true,2026-08-13 03:47:05 CST,0,success,
EquityDistribution_7713_威力德生醫.xls,2026-08-13 03:44:09 CST,true,2026-08-13 03:43:59 CST,0,success,
EquityDistribution_2395_研華.xls,2026-08-13 03:26:05 CST,true,2026-08-13 03:25:54 CST,0,success,
EquityDistribution_6425_易發.xls,2026-08-13 03:37:54 CST,true,2026-08-13 03:37:44 CST,0,success,
EquityDistribution_6997_博弘.xls,2026-08-13 03:37:02 CST,true,2026-08-13 03:36:52 CST,0,success,
EquityDistribution_6996_力領科技.xls,2026-08-06 04:42:35 CST,true,2026-08-06 04:42:22 CST,0,success,
EquityDistribution_3356_奇偶.xls,2026-08-13 03:28:05 CST,true,2026-08-13 03:27:55 CST,0,success,
EquityDistribution_0052_富邦科技.xls,2026-08-13 03:21:43 CST,true,2026-08-13 03:21:33 CST,0,success,
EquityDistribution_2353_宏碁.xls,2026-08-13 03:33:14 CST,true,2026-08-13 03:33:04 CST,0,success,
EquityDistribution_4114_健喬.xls,2026-08-13 03:44:45 CST,true,2026-08-13 03:44:35 CST,0,success,
EquityDistribution_9917_中保科.xls,2026-08-13 03:31:32 CST,true,2026-08-13 03:31:23 CST,0,success,
EquityDistribution_3022_威強電.xls,2026-08-06 04:38:33 CST,true,2026-08-06 04:38:18 CST,0,success,
EquityDistribution_6770_力積電.xls,2026-08-13 03:19:37 CST,true,2026-08-13 03:19:28 CST,0,success,
EquityDistribution_2308_台達電.xls,2026-08-13 03:24:07 CST,true,2026-08-13 03:23:57 CST,0,success,
EquityDistribution_9921_巨大.xls,2026-08-13 03:28:55 CST,true,2026-08-13 03:28:45 CST,0,success,
EquityDistribution_7704_明遠精密.xls,2026-08-13 03:36:44 CST,true,2026-08-13 03:36:35 CST,0,success,
EquityDistribution_6597_立誠.xls,2026-08-13 03:45:33 CST,true,2026-08-13 03:45:24 CST,0,success,
EquityDistribution_2324_仁寶.xls,2026-08-13 03:51:40 CST,true,2026-08-13 03:51:31 CST,0,success,
EquityDistribution_2359_所羅門.xls,2026-08-13 03:41:35 CST,true,2026-08-13 03:41:25 CST,0,success,
EquityDistribution_6285_啟碁.xls,2026-08-06 04:40:31 CST,true,2026-08-06 04:40:22 CST,0,success,
EquityDistribution_2450_神腦.xls,2026-08-13 03:32:09 CST,true,2026-08-13 03:31:59 CST,0,success,
EquityDistribution_2851_中再保.xls,2026-08-13 03:22:02 CST,true,2026-08-13 03:21:51 CST,0,success,
EquityDistribution_2347_聯強.xls,2026-08-13 03:25:46 CST,true,2026-08-13 03:24:15 CST,1,success,
EquityDistribution_6613_朋億.xls,2026-08-13 03:32:39 CST,true,2026-08-13 03:32:30 CST,0,success,
EquityDistribution_3045_台灣大.xls,2026-08-06 04:38:54 CST,true,2026-08-06 04:38:41 CST,0,success,
EquityDistribution_2337_旺宏.xls,2026-08-13 03:50:47 CST,true,2026-08-13 03:50:38 CST,0,success,
EquityDistribution_6166_凌華.xls,2026-08-13 03:19:21 CST,true,2026-08-13 03:19:10 CST,0,success,
EquityDistribution_3035_智原.xls,2026-08-06 04:40:50 CST,true,2026-08-06 04:40:38 CST,0,success,
EquityDistribution_2377_微星.xls,2026-08-13 03:53:03 CST,true,2026-08-13 03:52:53 CST,0,success,
EquityDistribution_6811_宏碁資訊.xls,2026-08-13 03:38:28 CST,true,2026-08-13 03:38:18 CST,0,success,
EquityDistribution_2412_中華電.xls,2026-08-06 04:57:04 CST,true,2026-08-06 04:56:55 CST,0,success,
EquityDistribution_3231_緯創.xls,2026-08-06 04:39:12 CST,true,2026-08-06 04:39:00 CST,0,success,
EquityDistribution_6757_台灣虎航.xls,2026-08-13 03:35:35 CST,true,2026-08-13 03:35:25 CST,0,success,
EquityDistribution_6125_廣運.xls,2026-08-13 03:41:20 CST,true,2026-08-13 03:41:10 CST,0,success,
EquityDistribution_6506_雙邦.xls,2026-08-13 03:41:52 CST,true,2026-08-13 03:41:43 CST,0,success,
EquityDistribution_6669_緯穎.xls,2026-08-06 04:41:15 CST,true,2026-08-06 04:40:57 CST,0,success,
EquityDistribution_8016_矽創.xls,2026-08-13 03:36:10 CST,true,2026-08-13 03:36:00 CST,0,success,
EquityDistribution_2330_台積電.xls,2026-08-06 04:43:39 CST,true,2026-08-06 04:43:27 CST,0,success,
EquityDistribution_6414_樺漢.xls,2026-08-13 03:19:00 CST,true,2026-08-13 03:18:49 CST,0,success,
EquityDistribution_2882_國泰金.xls,2026-08-13 03:48:09 CST,true,2026-08-13 03:47:59 CST,0,success,
EquityDistribution_6526_達發.xls,2026-08-13 03:29:27 CST,true,2026-08-13 03:29:17 CST,0,success,
EquityDistribution_6462_神盾.xls,2026-08-06 04:37:32 CST,true,2026-08-06 04:37:20 CST,0,success,
EquityDistribution_2646_星宇航空.xls,2026-08-13 03:30:55 CST,true,2026-08-13 03:30:46 CST,0,success,
EquityDistribution_7703_銳澤.xls,2026-08-13 03:32:54 CST,true,2026-08-13 03:32:44 CST,0,success,
EquityDistribution_4749_新應材.xls,2026-08-13 03:56:49 CST,true,2026-08-13 03:56:37 CST,0,success,
EquityDistribution_7547_碩網.xls,2026-08-06 04:39:56 CST,true,2026-08-06 04:39:41 CST,0,success,
EquityDistribution_6751_智聯服務.xls,2026-08-13 03:39:35 CST,true,2026-08-13 03:39:26 CST,0,success,
EquityDistribution_7765_中華資安.xls,2026-08-06 04:41:34 CST,true,2026-08-06 04:41:21 CST,0,success,
EquityDistribution_2356_英業達.xls,2026-08-13 03:52:11 CST,true,2026-08-13 03:52:03 CST,0,success,
EquityDistribution_7732_金興精密.xls,2026-08-13 03:43:16 CST,true,2026-08-13 03:43:06 CST,0,success,
EquityDistribution_2382_廣達.xls,2026-08-06 04:56:48 CST,true,2026-08-06 04:56:36 CST,0,success,
EquityDistribution_7709_榮田.xls,2026-08-13 03:43:51 CST,true,2026-08-13 03:43:41 CST,0,success,
EquityDistribution_2451_創見.xls,2026-08-13 03:26:43 CST,true,2026-08-13 03:26:32 CST,0,success,
EquityDistribution_7747_昕奇雲端.xls,2026-08-13 03:37:19 CST,true,2026-08-13 03:37:09 CST,0,success,
EquityDistribution_7705_三商餐飲.xls,2026-08-13 03:34:57 CST,true,2026-08-13 03:34:47 CST,0,success,
EquityDistribution_3653_健策.xls,2026-08-13 03:49:54 CST,true,2026-08-13 03:49:44 CST,0,success,
EquityDistribution_5203_訊連.xls,2026-08-13 03:28:21 CST,true,2026-08-13 03:28:11 CST,0,success,
EquityDistribution_5536_聖暉.xls,2026-08-13 03:41:04 CST,true,2026-08-13 03:40:54 CST,0,success,
EquityDistribution_6035_悠遊卡.xls,2026-08-13 03:33:50 CST,true,2026-08-13 03:33:41 CST,0,success,
EquityDistribution_7712_博盛半導體.xls,2026-08-13 03:38:10 CST,true,2026-08-13 03:38:00 CST,0,success,
EquityDistribution_3026_禾伸堂.xls,2026-08-13 03:27:34 CST,true,2026-08-13 03:27:08 CST,0,success,
EquityDistribution_2474_可成.xls,2026-08-13 03:27:03 CST,true,2026-08-13 03:26:53 CST,0,success,
